,precision,recall,f1-score,support
0,0.9432938856015779,0.9405113077679449,0.9419005416051206,2034.0
1,0.9085760517799353,0.9876868953386104,0.9464812473662031,2274.0
2,0.9883495145631068,0.9709108249880782,0.9795525619437094,2097.0
3,0.9957337883959044,0.9538210053126277,0.9743268628678772,2447.0
4,0.9806338028169014,0.9483541430192962,0.9642238892094633,1762.0
5,0.9965616045845272,1.0,0.9982778415614237,1739.0
accuracy,0.9664858738767911,0.9664858738767911,0.9664858738767911,0.9664858738767911
macro avg,0.9688581079569921,0.966880696071093,0.9674604907589662,12353.0
weighted avg,0.967763993219515,0.9664858738767911,0.9666794522165955,12353.0
